{
  "assets": {
    "browserConfig": true,
    "favicon": {
      "input": "./assets/images/input-favicon.png"
    },
    "framework": {
      "eslintignore": true,
      "prettierignore": true
    },
    "indexHtml": {
      "metaCoverSocials": "./assets/images/meta-cover-socials.jpg",
      "preLoader": true,
      "tokensMeta": {
        "appleMobileWebAppCapable": "yes",
        "appleMobileWebAppStatusBarStyle": "black-transculent",
        "appleTouchFullscreen": "yes",
        "applicationName": "web-assets-generator demo",
        "description": "web-assets-generator demo",
        "formatDetection": "telephone=no",
        "htmlLang": "en-US",
        "linkRelSearchTitle": "web-assets-generator demo",
        "mobileWebAppCapable": "yes",
        "msapplicationNavbuttonColor": "#838DA3",
        "msapplicationStarturl": "https://site.com",
        "msapplicationTileColor": "#838DA3",
        "ogDescription": "web-assets-generator demo",
        "ogImageAlt": "web-assets-generator demo",
        "ogImageHeight": "480",
        "ogImageType": "image/jpeg",
        "ogImageWidth": "720",
        "ogLocale": "web-assets-generator demo",
        "ogSiteName": "web-assets-generator demo",
        "ogTitle": "web-assets-generator demo",
        "ogType": "website",
        "ogUrl": "https://site.com",
        "owner": "web-assets-generator demo",
        "replyTo": "mail@mail.com",
        "robots": "/robots.txt",
        "themeColor": "#838DA3",
        "title": "web-assets-generator demo",
        "twitterAppIdGoogleplay": "123456789",
        "twitterAppIdIpad": "123456789",
        "twitterAppIdIphone": "123456789",
        "twitterAppNameGoogleplay": "web-assets-generator demo",
        "twitterAppNameIpad": "web-assets-generator demo",
        "twitterAppNameIphone": "web-assets-generator demo",
        "twitterAppUrlGoogleplay": "https://site.com",
        "twitterAppUrlIpad": "https://twitter.com/twitter",
        "twitterAppUrlIphone": "https://twitter.com/twitter",
        "twitterCard": "web-assets-generator demo",
        "twitterCreator": "web-assets-generator demo",
        "twitterCreatorId": "123456789",
        "twitterDescription": "web-assets-generator demo",
        "twitterImage": "/assets/images/meta-cover-socials.jpg",
        "twitterImageAlt": "web-assets-generator demo",
        "twitterPlayer": "web-assets-generator demo",
        "twitterPlayerHeight": "480",
        "twitterPlayerStream": "https://twitter.com/twitter",
        "twitterPlayerWidth": "720",
        "twitterSite": "https://twitter.com/twitter",
        "twitterSiteId": "123456789",
        "twitterTitle": "web-assets-generator demo",
        "urlRSSFeed": "https://site.com",
        "viewport": "width=device-width, initial-scale=1"
      }
    },
    "license": true,
    "manifest": true,
    "robots": true,
    "searchXml": true
  },
  "outputDir": "web-assets-generator",
  "tokensMain": {
    "appPlaceholderBackgroundColor": "#838DA3",
    "author": "web-assets-generator demo",
    "authorAccountTwitter": "https://twitter.com/twitter",
    "authorEmail": "mail@mail.com",
    "authorUrl": "https://site.com",
    "description": "web-assets-generator demo",
    "language": "en-US",
    "msapplicationTileColor": "#838DA3",
    "name": "web-assets-generator demo",
    "siteUrl": "https://site.com",
    "startUrl": "https://site.com",
    "themeColor": "#838DA3",
    "title": "web-assets-generator demo"
  }
}
